[
  {
    "Матч":"Indiana Pacers – Detroit Pistons",
    "Домашняя команда":"Indiana Pacers",
    "Гостевая команда":"Detroit Pistons",
    "Тип рынка":"победа",
    "Сторона":"Indiana Pacers",
    "Команда":"Indiana Pacers",
    "Линия":"",
    "Коэфф. букмекера":4.4,
    "Вероятность модели":0.9637844664,
    "Честный кэф (модель)":1.0375763823,
    "Имплицитная вероятность (букм.)":0.2272727273,
    "Перекос, %":73.6511739138,
    "EV":3.2406516522,
    "Риск-скор":70.983857351,
    "Ранг по EV":1
  },
  {
    "Матч":"Indiana Pacers – Detroit Pistons",
    "Домашняя команда":"Indiana Pacers",
    "Гостевая команда":"Detroit Pistons",
    "Тип рынка":"победа",
    "Сторона":"Indiana Pacers",
    "Команда":"Indiana Pacers",
    "Линия":"",
    "Коэфф. букмекера":4.25,
    "Вероятность модели":0.9637844664,
    "Честный кэф (модель)":1.0375763823,
    "Имплицитная вероятность (букм.)":0.2352941176,
    "Перекос, %":72.8490348763,
    "EV":3.0960839822,
    "Риск-скор":70.2107682068,
    "Ранг по EV":2
  },
  {
    "Матч":"Indiana Pacers – Detroit Pistons",
    "Домашняя команда":"Indiana Pacers",
    "Гостевая команда":"Detroit Pistons",
    "Тип рынка":"победа",
    "Сторона":"Indiana Pacers",
    "Команда":"Indiana Pacers",
    "Линия":"",
    "Коэфф. букмекера":4.21,
    "Вероятность модели":0.9637844664,
    "Честный кэф (модель)":1.0375763823,
    "Имплицитная вероятность (букм.)":0.2375296912,
    "Перекос, %":72.6254775199,
    "EV":3.0575326036,
    "Риск-скор":69.9953070993,
    "Ранг по EV":3
  },
  {
    "Матч":"Indiana Pacers – Detroit Pistons",
    "Домашняя команда":"Indiana Pacers",
    "Гостевая команда":"Detroit Pistons",
    "Тип рынка":"победа",
    "Сторона":"Indiana Pacers",
    "Команда":"Indiana Pacers",
    "Линия":"",
    "Коэфф. букмекера":4.2,
    "Вероятность модели":0.9637844664,
    "Честный кэф (модель)":1.0375763823,
    "Имплицитная вероятность (букм.)":0.2380952381,
    "Перекос, %":72.5689228315,
    "EV":3.0478947589,
    "Риск-скор":69.9408005691,
    "Ранг по EV":4
  },
  {
    "Матч":"Indiana Pacers – Detroit Pistons",
    "Домашняя команда":"Indiana Pacers",
    "Гостевая команда":"Detroit Pistons",
    "Тип рынка":"победа",
    "Сторона":"Indiana Pacers",
    "Команда":"Indiana Pacers",
    "Линия":"",
    "Коэфф. букмекера":4.19,
    "Вероятность модели":0.9637844664,
    "Честный кэф (модель)":1.0375763823,
    "Имплицитная вероятность (букм.)":0.2386634845,
    "Перекос, %":72.5120981923,
    "EV":3.0382569143,
    "Риск-скор":69.8860338646,
    "Ранг по EV":5
  },
  {
    "Матч":"Indiana Pacers – Detroit Pistons",
    "Домашняя команда":"Indiana Pacers",
    "Гостевая команда":"Detroit Pistons",
    "Тип рынка":"победа",
    "Сторона":"Indiana Pacers",
    "Команда":"Indiana Pacers",
    "Линия":"",
    "Коэфф. букмекера":4.16,
    "Вероятность модели":0.9637844664,
    "Честный кэф (модель)":1.0375763823,
    "Имплицитная вероятность (букм.)":0.2403846154,
    "Перекос, %":72.3399851026,
    "EV":3.0093433803,
    "Риск-скор":69.7201539422,
    "Ранг по EV":6
  },
  {
    "Матч":"Indiana Pacers – Detroit Pistons",
    "Домашняя команда":"Indiana Pacers",
    "Гостевая команда":"Detroit Pistons",
    "Тип рынка":"победа",
    "Сторона":"Indiana Pacers",
    "Команда":"Indiana Pacers",
    "Линия":"",
    "Коэфф. букмекера":4.1,
    "Вероятность модели":0.9637844664,
    "Честный кэф (модель)":1.0375763823,
    "Имплицитная вероятность (букм.)":0.243902439,
    "Перекос, %":71.9882027386,
    "EV":2.9515163123,
    "Риск-скор":69.3811115642,
    "Ранг по EV":7
  },
  {
    "Матч":"Indiana Pacers – Detroit Pistons",
    "Домашняя команда":"Indiana Pacers",
    "Гостевая команда":"Detroit Pistons",
    "Тип рынка":"победа",
    "Сторона":"Indiana Pacers",
    "Команда":"Indiana Pacers",
    "Линия":"",
    "Коэфф. букмекера":4.0,
    "Вероятность модели":0.9637844664,
    "Честный кэф (модель)":1.0375763823,
    "Имплицитная вероятность (букм.)":0.25,
    "Перекос, %":71.378446641,
    "EV":2.8551378656,
    "Риск-скор":68.7934381091,
    "Ранг по EV":8
  },
  {
    "Матч":"Brooklyn Nets – New York Knicks",
    "Домашняя команда":"Brooklyn Nets",
    "Гостевая команда":"New York Knicks",
    "Тип рынка":"победа",
    "Сторона":"Brooklyn Nets",
    "Команда":"Brooklyn Nets",
    "Линия":"",
    "Коэфф. букмекера":7.25,
    "Вероятность модели":0.4183840297,
    "Честный кэф (модель)":2.390148593,
    "Имплицитная вероятность (букм.)":0.1379310345,
    "Перекос, %":28.0452995243,
    "EV":2.0332842155,
    "Риск-скор":11.7337054299,
    "Ранг по EV":9
  },
  {
    "Матч":"Brooklyn Nets – New York Knicks",
    "Домашняя команда":"Brooklyn Nets",
    "Гостевая команда":"New York Knicks",
    "Тип рынка":"победа",
    "Сторона":"Brooklyn Nets",
    "Команда":"Brooklyn Nets",
    "Линия":"",
    "Коэфф. букмекера":7.25,
    "Вероятность модели":0.4183840297,
    "Честный кэф (модель)":2.390148593,
    "Имплицитная вероятность (букм.)":0.1379310345,
    "Перекос, %":28.0452995243,
    "EV":2.0332842155,
    "Риск-скор":11.7337054299,
    "Ранг по EV":10
  },
  {
    "Матч":"Brooklyn Nets – New York Knicks",
    "Домашняя команда":"Brooklyn Nets",
    "Гостевая команда":"New York Knicks",
    "Тип рынка":"победа",
    "Сторона":"Brooklyn Nets",
    "Команда":"Brooklyn Nets",
    "Линия":"",
    "Коэфф. букмекера":7.0,
    "Вероятность модели":0.4183840297,
    "Честный кэф (модель)":2.390148593,
    "Имплицитная вероятность (букм.)":0.1428571429,
    "Перекос, %":27.5526886869,
    "EV":1.9286882081,
    "Риск-скор":11.5276049226,
    "Ранг по EV":11
  },
  {
    "Матч":"Brooklyn Nets – New York Knicks",
    "Домашняя команда":"Brooklyn Nets",
    "Гостевая команда":"New York Knicks",
    "Тип рынка":"победа",
    "Сторона":"Brooklyn Nets",
    "Команда":"Brooklyn Nets",
    "Линия":"",
    "Коэфф. букмекера":6.9,
    "Вероятность модели":0.4183840297,
    "Честный кэф (модель)":2.390148593,
    "Имплицитная вероятность (букм.)":0.1449275362,
    "Перекос, %":27.3456493494,
    "EV":1.8868498051,
    "Риск-скор":11.4409829703,
    "Ранг по EV":12
  },
  {
    "Матч":"Brooklyn Nets – New York Knicks",
    "Домашняя команда":"Brooklyn Nets",
    "Гостевая команда":"New York Knicks",
    "Тип рынка":"победа",
    "Сторона":"Brooklyn Nets",
    "Команда":"Brooklyn Nets",
    "Линия":"",
    "Коэфф. букмекера":6.76,
    "Вероятность модели":0.4183840297,
    "Честный кэф (модель)":2.390148593,
    "Имплицитная вероятность (букм.)":0.1479289941,
    "Перекос, %":27.0455035643,
    "EV":1.8282760409,
    "Риск-скор":11.3154067672,
    "Ранг по EV":13
  },
  {
    "Матч":"Brooklyn Nets – New York Knicks",
    "Домашняя команда":"Brooklyn Nets",
    "Гостевая команда":"New York Knicks",
    "Тип рынка":"победа",
    "Сторона":"Brooklyn Nets",
    "Команда":"Brooklyn Nets",
    "Линия":"",
    "Коэфф. букмекера":6.75,
    "Вероятность модели":0.4183840297,
    "Честный кэф (модель)":2.390148593,
    "Имплицитная вероятность (букм.)":0.1481481481,
    "Перекос, %":27.0235881578,
    "EV":1.8240922007,
    "Риск-скор":11.3062377111,
    "Ранг по EV":14
  },
  {
    "Матч":"Brooklyn Nets – New York Knicks",
    "Домашняя команда":"Brooklyn Nets",
    "Гостевая команда":"New York Knicks",
    "Тип рынка":"победа",
    "Сторона":"Brooklyn Nets",
    "Команда":"Brooklyn Nets",
    "Линия":"",
    "Коэфф. букмекера":6.61,
    "Вероятность модели":0.4183840297,
    "Честный кэф (модель)":2.390148593,
    "Имплицитная вероятность (букм.)":0.1512859304,
    "Перекос, %":26.7098099318,
    "EV":1.7655184365,
    "Риск-скор":11.1749579125,
    "Ранг по EV":15
  },
  {
    "Матч":"Brooklyn Nets – New York Knicks",
    "Домашняя команда":"Brooklyn Nets",
    "Гостевая команда":"New York Knicks",
    "Тип рынка":"победа",
    "Сторона":"Brooklyn Nets",
    "Команда":"Brooklyn Nets",
    "Линия":"",
    "Коэфф. букмекера":6.28,
    "Вероятность модели":0.4183840297,
    "Честный кэф (модель)":2.390148593,
    "Имплицитная вероятность (букм.)":0.1592356688,
    "Перекос, %":25.9148360936,
    "EV":1.6274517067,
    "Риск-скор":10.8423535546,
    "Ранг по EV":16
  },
  {
    "Матч":"New Orleans Pelicans – Chicago Bulls",
    "Домашняя команда":"New Orleans Pelicans",
    "Гостевая команда":"Chicago Bulls",
    "Тип рынка":"победа",
    "Сторона":"New Orleans Pelicans",
    "Команда":"New Orleans Pelicans",
    "Линия":"",
    "Коэфф. букмекера":2.75,
    "Вероятность модели":0.8865955008,
    "Честный кэф (модель)":1.1279100775,
    "Имплицитная вероятность (букм.)":0.3636363636,
    "Перекос, %":52.2959137186,
    "EV":1.4381376273,
    "Риск-скор":46.3653218143,
    "Ранг по EV":17
  },
  {
    "Матч":"New Orleans Pelicans – Chicago Bulls",
    "Домашняя команда":"New Orleans Pelicans",
    "Гостевая команда":"Chicago Bulls",
    "Тип рынка":"победа",
    "Сторона":"New Orleans Pelicans",
    "Команда":"New Orleans Pelicans",
    "Линия":"",
    "Коэфф. букмекера":2.75,
    "Вероятность модели":0.8865955008,
    "Честный кэф (модель)":1.1279100775,
    "Имплицитная вероятность (букм.)":0.3636363636,
    "Перекос, %":52.2959137186,
    "EV":1.4381376273,
    "Риск-скор":46.3653218143,
    "Ранг по EV":18
  },
  {
    "Матч":"Sacramento Kings – Minnesota Timberwolves",
    "Домашняя команда":"Sacramento Kings",
    "Гостевая команда":"Minnesota Timberwolves",
    "Тип рынка":"победа",
    "Сторона":"Sacramento Kings",
    "Команда":"Sacramento Kings",
    "Линия":"",
    "Коэфф. букмекера":4.4,
    "Вероятность модели":0.5522893354,
    "Честный кэф (модель)":1.8106451381,
    "Имплицитная вероятность (букм.)":0.2272727273,
    "Перекос, %":32.5016608158,
    "EV":1.4300730759,
    "Риск-скор":17.9503206524,
    "Ранг по EV":19
  },
  {
    "Матч":"New Orleans Pelicans – Chicago Bulls",
    "Домашняя команда":"New Orleans Pelicans",
    "Гостевая команда":"Chicago Bulls",
    "Тип рынка":"победа",
    "Сторона":"New Orleans Pelicans",
    "Команда":"New Orleans Pelicans",
    "Линия":"",
    "Коэфф. букмекера":2.74,
    "Вероятность модели":0.8865955008,
    "Честный кэф (модель)":1.1279100775,
    "Имплицитная вероятность (букм.)":0.3649635036,
    "Перекос, %":52.1631997173,
    "EV":1.4292716723,
    "Риск-скор":46.2476581778,
    "Ранг по EV":20
  }
]