{
  "Atlanta Hawks": {"ORtg": 117.0, "DRtg": 119.5, "Pace": 100.1},
  "Boston Celtics": {"ORtg": 121.2, "DRtg": 111.3, "Pace": 98.1},
  "Brooklyn Nets": {"ORtg": 114.0, "DRtg": 115.5, "Pace": 97.8},
  "Charlotte Hornets": {"ORtg": 111.2, "DRtg": 121.4, "Pace": 99.7},
  "Chicago Bulls": {"ORtg": 113.0, "DRtg": 116.8, "Pace": 96.2},
  "Cleveland Cavaliers": {"ORtg": 115.4, "DRtg": 112.9, "Pace": 95.9},
  "Dallas Mavericks": {"ORtg": 118.1, "DRtg": 116.7, "Pace": 98.4},
  "Denver Nuggets": {"ORtg": 118.2, "DRtg": 112.0, "Pace": 96.3},
  "Detroit Pistons": {"ORtg": 110.1, "DRtg": 120.3, "Pace": 98.9},
  "Golden State Warriors": {"ORtg": 117.8, "DRtg": 115.1, "Pace": 101.5},
  "Houston Rockets": {"ORtg": 113.3, "DRtg": 112.0, "Pace": 97.3},
  "Indiana Pacers": {"ORtg": 121.4, "DRtg": 119.8, "Pace": 102.1},
  "Los Angeles Clippers": {"ORtg": 118.9, "DRtg": 114.4, "Pace": 96.7},
  "Los Angeles Lakers": {"ORtg": 115.7, "DRtg": 115.0, "Pace": 98.0},
  "Memphis Grizzlies": {"ORtg": 108.9, "DRtg": 114.8, "Pace": 97.1},
  "Miami Heat": {"ORtg": 114.4, "DRtg": 112.7, "Pace": 96.9},
  "Milwaukee Bucks": {"ORtg": 119.9, "DRtg": 116.4, "Pace": 98.6},
  "Minnesota Timberwolves": {"ORtg": 116.3, "DRtg": 112.0, "Pace": 96.0},
  "New Orleans Pelicans": {"ORtg": 116.1, "DRtg": 114.1, "Pace": 97.0},
  "New York Knicks": {"ORtg": 117.5, "DRtg": 112.2, "Pace": 95.8},
  "Oklahoma City Thunder": {"ORtg": 118.8, "DRtg": 113.0, "Pace": 99.0},
  "Orlando Magic": {"ORtg": 113.1, "DRtg": 112.6, "Pace": 97.4},
  "Philadelphia 76ers": {"ORtg": 118.7, "DRtg": 113.5, "Pace": 97.6},
  "Phoenix Suns": {"ORtg": 117.1, "DRtg": 115.5, "Pace": 96.8},
  "Portland Trail Blazers": {"ORtg": 109.8, "DRtg": 118.9, "Pace": 98.2},
  "Sacramento Kings": {"ORtg": 118.0, "DRtg": 117.6, "Pace": 100.3},
  "San Antonio Spurs": {"ORtg": 112.2, "DRtg": 121.3, "Pace": 100.5},
  "Toronto Raptors": {"ORtg": 114.3, "DRtg": 115.9, "Pace": 98.7},
  "Utah Jazz": {"ORtg": 114.7, "DRtg": 118.2, "Pace": 100.1},
  "Washington Wizards": {"ORtg": 113.5, "DRtg": 122.2, "Pace": 102.2}
}
